subject_id,property_id,object_id,reference_uri,reference_supporting_text,reference_date,property_label,property_description,property_uri
MONDO:0018868,biolink:has_phenotype,HP:0000726,NA,This edge comes from the Monarch Initiative 2025.,2025-10-16,has phenotype,NA,NA
MONDO:0011706,biolink:has_phenotype,HP:0000726,https://www.ncbi.nlm.nih.gov/pubmed/16964263,This edge comes from the Monarch Initiative 2025.,2025-10-16,has phenotype,NA,NA
HGNC:15559,biolink:has_phenotype,HP:0000727,NA,This edge comes from the Monarch Initiative 2025.,2025-10-16,has phenotype,NA,NA
HGNC:3436,biolink:has_phenotype,HP:0000726,http://omim.org/entry/278760,This edge comes from the Monarch Initiative 2025.,2025-10-16,has phenotype,NA,NA
HGNC:12405,biolink:has_phenotype,HP:0000726,NA,This edge comes from the Monarch Initiative 2025.,2025-10-16,has phenotype,NA,NA
MONDO:0018475,biolink:has_phenotype,HP:0002145,NA,This edge comes from the Monarch Initiative 2025.,2025-10-16,has phenotype,NA,NA
HGNC:23594,biolink:has_phenotype,HP:0000726,https://www.ncbi.nlm.nih.gov/pubmed/26942284,This edge comes from the Monarch Initiative 2025.,2025-10-16,has phenotype,NA,NA
HGNC:21576,biolink:has_phenotype,HP:0000726,https://www.ncbi.nlm.nih.gov/pubmed/15781812,This edge comes from the Monarch Initiative 2025.,2025-10-16,has phenotype,NA,NA
HGNC:2548,biolink:has_phenotype,HP:0000726,NA,This edge comes from the Monarch Initiative 2025.,2025-10-16,has phenotype,NA,NA
HGNC:2077,biolink:has_phenotype,HP:0000726,https://www.ncbi.nlm.nih.gov/pubmed/21549341,This edge comes from the Monarch Initiative 2025.,2025-10-16,has phenotype,NA,NA
MONDO:0010709,biolink:has_phenotype,HP:0000726,NA,This edge comes from the Monarch Initiative 2025.,2025-10-16,has phenotype,NA,NA
HGNC:7461,biolink:has_phenotype,HP:0000726,NA,This edge comes from the Monarch Initiative 2025.,2025-10-16,has phenotype,NA,NA
HGNC:14203,biolink:has_phenotype,HP:0007123,https://www.ncbi.nlm.nih.gov/pubmed/11914418,This edge comes from the Monarch Initiative 2025.,2025-10-16,has phenotype,NA,NA
HGNC:4601,biolink:has_phenotype,HP:0002145,NA,This edge comes from the Monarch Initiative 2025.,2025-10-16,has phenotype,NA,NA
HP:0030219,biolink:subclass_of,HP:0002145,NA,This edge comes from the Monarch Initiative 2025.,2025-10-16,subclass of,NA,NA
MONDO:0011638,biolink:has_phenotype,HP:0000727,NA,This edge comes from the Monarch Initiative 2025.,2025-10-16,has phenotype,NA,NA
MONDO:0008947,biolink:has_phenotype,HP:0000726,NA,This edge comes from the Monarch Initiative 2025.,2025-10-16,has phenotype,NA,NA
MONDO:0014545,biolink:has_phenotype,HP:0000726,https://www.ncbi.nlm.nih.gov/pubmed/24782409,This edge comes from the Monarch Initiative 2025.,2025-10-16,has phenotype,NA,NA
MONDO:0011764,biolink:has_phenotype,HP:0000726,NA,This edge comes from the Monarch Initiative 2025.,2025-10-16,has phenotype,NA,NA
HGNC:30213,biolink:has_phenotype,HP:0000726,https://www.ncbi.nlm.nih.gov/pubmed/28137957,This edge comes from the Monarch Initiative 2025.,2025-10-16,has phenotype,NA,NA
HGNC:3999,biolink:has_phenotype,HP:0000726,NA,This edge comes from the Monarch Initiative 2025.,2025-10-16,has phenotype,NA,NA
MONDO:0011781,biolink:has_phenotype,HP:0000726,https://www.ncbi.nlm.nih.gov/pubmed/14985389,This edge comes from the Monarch Initiative 2025.,2025-10-16,has phenotype,NA,NA
HGNC:9179,biolink:has_phenotype,HP:0000726,https://www.ncbi.nlm.nih.gov/pubmed/10852545,This edge comes from the Monarch Initiative 2025.,2025-10-16,has phenotype,NA,NA
MONDO:0010794,biolink:has_phenotype,HP:0000726,NA,This edge comes from the Monarch Initiative 2025.,2025-10-16,has phenotype,NA,NA
MONDO:0007739,biolink:has_phenotype,HP:0000726,NA,This edge comes from the Monarch Initiative 2025.,2025-10-16,has phenotype,NA,NA
HGNC:12666,biolink:has_phenotype,HP:0000726,"https://www.ncbi.nlm.nih.gov/pubmed/15732117,16247064",This edge comes from the Monarch Initiative 2025.,2025-10-16,has phenotype,NA,NA
MONDO:0017279,biolink:has_phenotype,HP:0000727,NA,This edge comes from the Monarch Initiative 2025.,2025-10-16,has phenotype,NA,NA
HGNC:3148,biolink:has_phenotype,HP:0000726,https://www.ncbi.nlm.nih.gov/pubmed/10852545,This edge comes from the Monarch Initiative 2025.,2025-10-16,has phenotype,NA,NA
HGNC:14253,biolink:has_phenotype,HP:0000726,https://www.ncbi.nlm.nih.gov/pubmed/24782409,This edge comes from the Monarch Initiative 2025.,2025-10-16,has phenotype,NA,NA
HGNC:613,biolink:has_phenotype,HP:0000726,https://www.ncbi.nlm.nih.gov/pubmed/12925374,This edge comes from the Monarch Initiative 2025.,2025-10-16,has phenotype,NA,NA
MONDO:0010044,biolink:has_phenotype,HP:0002145,NA,This edge comes from the Monarch Initiative 2025.,2025-10-16,has phenotype,NA,NA
MONDO:0009319,biolink:has_phenotype,HP:0000726,https://www.ncbi.nlm.nih.gov/pubmed/15911822,This edge comes from the Monarch Initiative 2025.,2025-10-16,has phenotype,NA,NA
MONDO:0957533,biolink:has_phenotype,HP:0000726,https://www.ncbi.nlm.nih.gov/pubmed/37143309,This edge comes from the Monarch Initiative 2025.,2025-10-16,has phenotype,NA,NA
MONDO:0019977,biolink:has_phenotype,HP:0000726,NA,This edge comes from the Monarch Initiative 2025.,2025-10-16,has phenotype,NA,NA
HGNC:6893,biolink:has_phenotype,HP:0002439,NA,This edge comes from the Monarch Initiative 2025.,2025-10-16,has phenotype,NA,NA
HGNC:735,biolink:has_phenotype,HP:0000726,NA,This edge comes from the Monarch Initiative 2025.,2025-10-16,has phenotype,NA,NA
MONDO:0010773,biolink:has_phenotype,HP:0000726,NA,This edge comes from the Monarch Initiative 2025.,2025-10-16,has phenotype,NA,NA
HGNC:15894,biolink:has_phenotype,HP:0000726,http://omim.org/entry/234200|https://www.ncbi.nlm.nih.gov/pubmed/15911822,This edge comes from the Monarch Initiative 2025.,2025-10-16,has phenotype,NA,NA
HGNC:25443,biolink:has_phenotype,HP:0000726,NA,This edge comes from the Monarch Initiative 2025.,2025-10-16,has phenotype,NA,NA
MONDO:0011638,biolink:has_phenotype,HP:0000726,NA,This edge comes from the Monarch Initiative 2025.,2025-10-16,has phenotype,NA,NA
MONDO:0008045,biolink:has_phenotype,HP:0000726,NA,This edge comes from the Monarch Initiative 2025.,2025-10-16,has phenotype,NA,NA
MONDO:0014796,biolink:has_phenotype,HP:0000726,https://www.ncbi.nlm.nih.gov/pubmed/26942284,This edge comes from the Monarch Initiative 2025.,2025-10-16,has phenotype,NA,NA
HGNC:11802,biolink:has_phenotype,HP:0002145,https://www.ncbi.nlm.nih.gov/pubmed/28817800,This edge comes from the Monarch Initiative 2025.,2025-10-16,has phenotype,NA,NA
HP:0002145,biolink:subclass_of,HP:0000726,NA,This edge comes from the Monarch Initiative 2025.,2025-10-16,subclass of,NA,NA
HGNC:2202,biolink:has_phenotype,HP:0000726,https://www.ncbi.nlm.nih.gov/pubmed/27666438,This edge comes from the Monarch Initiative 2025.,2025-10-16,has phenotype,NA,NA
MONDO:0014395,biolink:has_phenotype,HP:0002145,https://www.ncbi.nlm.nih.gov/pubmed/24934289,This edge comes from the Monarch Initiative 2025.,2025-10-16,has phenotype,NA,NA
MONDO:0011283,biolink:has_phenotype,HP:0000726,https://www.ncbi.nlm.nih.gov/pubmed/10852545,This edge comes from the Monarch Initiative 2025.,2025-10-16,has phenotype,NA,NA
MONDO:0012391,biolink:has_phenotype,HP:0000726,NA,This edge comes from the Monarch Initiative 2025.,2025-10-16,has phenotype,NA,NA
HP:0002439,biolink:subclass_of,HP:0000726,NA,This edge comes from the Monarch Initiative 2025.,2025-10-16,subclass of,NA,NA
HGNC:7981,biolink:has_phenotype,HP:0000726,NA,This edge comes from the Monarch Initiative 2025.,2025-10-16,has phenotype,NA,NA
MONDO:0016591,biolink:has_phenotype,HP:0000726,NA,This edge comes from the Monarch Initiative 2025.,2025-10-16,has phenotype,NA,NA
MONDO:0009050,biolink:has_phenotype,HP:0000726,NA,This edge comes from the Monarch Initiative 2025.,2025-10-16,has phenotype,NA,NA
HGNC:1908,biolink:has_phenotype,HP:0000726,http://omim.org/entry/200150,This edge comes from the Monarch Initiative 2025.,2025-10-16,has phenotype,NA,NA
MONDO:0007493,biolink:has_phenotype,HP:0000726,NA,This edge comes from the Monarch Initiative 2025.,2025-10-16,has phenotype,NA,NA
MONDO:0017575,biolink:has_phenotype,HP:0000726,NA,This edge comes from the Monarch Initiative 2025.,2025-10-16,has phenotype,NA,NA
MONDO:0008134,biolink:has_phenotype,HP:0000726,NA,This edge comes from the Monarch Initiative 2025.,2025-10-16,has phenotype,NA,NA
HGNC:11825,biolink:has_phenotype,HP:0000726,https://www.ncbi.nlm.nih.gov/pubmed/12891678,This edge comes from the Monarch Initiative 2025.,2025-10-16,has phenotype,NA,NA
HGNC:16235,biolink:has_phenotype,HP:0000726,https://www.ncbi.nlm.nih.gov/pubmed/21820099,This edge comes from the Monarch Initiative 2025.,2025-10-16,has phenotype,NA,NA
MONDO:0009830,biolink:has_phenotype,HP:0000726,NA,This edge comes from the Monarch Initiative 2025.,2025-10-16,has phenotype,NA,NA
MONDO:0007104,biolink:has_phenotype,HP:0000726,https://www.ncbi.nlm.nih.gov/pubmed/22637429,This edge comes from the Monarch Initiative 2025.,2025-10-16,has phenotype,NA,NA
MONDO:0008767,biolink:has_phenotype,HP:0000726,NA,This edge comes from the Monarch Initiative 2025.,2025-10-16,has phenotype,NA,NA
MONDO:0011445,biolink:has_phenotype,HP:0000726,NA,This edge comes from the Monarch Initiative 2025.,2025-10-16,has phenotype,NA,NA
HGNC:9508,biolink:has_phenotype,HP:0002145,NA,This edge comes from the Monarch Initiative 2025.,2025-10-16,has phenotype,NA,NA
HGNC:2584,biolink:has_phenotype,HP:0002145,NA,This edge comes from the Monarch Initiative 2025.,2025-10-16,has phenotype,NA,NA
HGNC:5033,biolink:has_phenotype,HP:0002145,NA,This edge comes from the Monarch Initiative 2025.,2025-10-16,has phenotype,NA,NA
MONDO:0100294,biolink:has_phenotype,HP:0000726,NA,This edge comes from the Monarch Initiative 2025.,2025-10-16,has phenotype,NA,NA
MONDO:0011930,biolink:has_phenotype,HP:0000726,https://www.ncbi.nlm.nih.gov/pubmed/31664034,This edge comes from the Monarch Initiative 2025.,2025-10-16,has phenotype,NA,NA
MONDO:0009445,biolink:has_phenotype,HP:0000726,NA,This edge comes from the Monarch Initiative 2025.,2025-10-16,has phenotype,NA,NA
MONDO:0008199,biolink:has_phenotype,HP:0000726,NA,This edge comes from the Monarch Initiative 2025.,2025-10-16,has phenotype,NA,NA
MONDO:0016594,biolink:has_phenotype,HP:0000726,NA,This edge comes from the Monarch Initiative 2025.,2025-10-16,has phenotype,NA,NA
HGNC:13308,biolink:has_phenotype,HP:0000726,https://www.ncbi.nlm.nih.gov/pubmed/37143309,This edge comes from the Monarch Initiative 2025.,2025-10-16,has phenotype,NA,NA
HGNC:17761,biolink:has_phenotype,HP:0000727,NA,This edge comes from the Monarch Initiative 2025.,2025-10-16,has phenotype,NA,NA
MONDO:0008215,biolink:has_phenotype,HP:0000726,NA,This edge comes from the Monarch Initiative 2025.,2025-10-16,has phenotype,NA,NA
MONDO:0013132,biolink:has_phenotype,HP:0000726,NA,This edge comes from the Monarch Initiative 2025.,2025-10-16,has phenotype,NA,NA
HGNC:21698,biolink:has_phenotype,HP:0000726,https://www.ncbi.nlm.nih.gov/pubmed/23656588,This edge comes from the Monarch Initiative 2025.,2025-10-16,has phenotype,NA,NA
HGNC:9449,biolink:has_phenotype,HP:0000726,NA,This edge comes from the Monarch Initiative 2025.,2025-10-16,has phenotype,NA,NA
HP:0007123,biolink:subclass_of,HP:0000726,NA,This edge comes from the Monarch Initiative 2025.,2025-10-16,subclass of,NA,NA
HGNC:28337,biolink:has_phenotype,HP:0002145,NA,This edge comes from the Monarch Initiative 2025.,2025-10-16,has phenotype,NA,NA
MONDO:0011562,biolink:has_phenotype,HP:0000726,NA,This edge comes from the Monarch Initiative 2025.,2025-10-16,has phenotype,NA,NA
MONDO:0012721,biolink:has_phenotype,HP:0000726,NA,This edge comes from the Monarch Initiative 2025.,2025-10-16,has phenotype,NA,NA
HGNC:17761,biolink:has_phenotype,HP:0000726,NA,This edge comes from the Monarch Initiative 2025.,2025-10-16,has phenotype,NA,NA
HGNC:13993,biolink:has_phenotype,HP:0000726,NA,This edge comes from the Monarch Initiative 2025.,2025-10-16,has phenotype,NA,NA
HGNC:12666,biolink:has_phenotype,HP:0002145,NA,This edge comes from the Monarch Initiative 2025.,2025-10-16,has phenotype,NA,NA
MONDO:0010820,biolink:has_phenotype,HP:0000726,https://www.ncbi.nlm.nih.gov/pubmed/16328510,This edge comes from the Monarch Initiative 2025.,2025-10-16,has phenotype,NA,NA
HGNC:15559,biolink:has_phenotype,HP:0002145,https://www.ncbi.nlm.nih.gov/pubmed/24934289,This edge comes from the Monarch Initiative 2025.,2025-10-16,has phenotype,NA,NA
MONDO:0014531,biolink:has_phenotype,HP:0002145,https://www.ncbi.nlm.nih.gov/pubmed/25374358,This edge comes from the Monarch Initiative 2025.,2025-10-16,has phenotype,NA,NA
HGNC:7427,biolink:has_phenotype,HP:0000726,NA,This edge comes from the Monarch Initiative 2025.,2025-10-16,has phenotype,NA,NA
MONDO:0015271,biolink:has_phenotype,HP:0002145,NA,This edge comes from the Monarch Initiative 2025.,2025-10-16,has phenotype,NA,NA
HGNC:1591,biolink:has_phenotype,HP:0002145,https://www.ncbi.nlm.nih.gov/pubmed/27080313,This edge comes from the Monarch Initiative 2025.,2025-10-16,has phenotype,NA,NA
HGNC:9476,biolink:has_phenotype,HP:0000726,https://www.ncbi.nlm.nih.gov/pubmed/26063658,This edge comes from the Monarch Initiative 2025.,2025-10-16,has phenotype,NA,NA
MONDO:0010829,biolink:has_phenotype,HP:0000726,NA,This edge comes from the Monarch Initiative 2025.,2025-10-16,has phenotype,NA,NA
MONDO:0971004,biolink:has_phenotype,HP:0000726,NA,This edge comes from the Monarch Initiative 2025.,2025-10-16,has phenotype,NA,NA
MONDO:0030634,biolink:has_phenotype,HP:0000726,https://www.ncbi.nlm.nih.gov/pubmed/31775912,This edge comes from the Monarch Initiative 2025.,2025-10-16,has phenotype,NA,NA
MONDO:0016562,biolink:has_phenotype,HP:0000726,NA,This edge comes from the Monarch Initiative 2025.,2025-10-16,has phenotype,NA,NA
MONDO:0014899,biolink:has_phenotype,HP:0000726,https://www.ncbi.nlm.nih.gov/pubmed/23043144,This edge comes from the Monarch Initiative 2025.,2025-10-16,has phenotype,NA,NA
MONDO:0008641,biolink:has_phenotype,HP:0000726,https://www.ncbi.nlm.nih.gov/pubmed/17660820,This edge comes from the Monarch Initiative 2025.,2025-10-16,has phenotype,NA,NA
HGNC:7422,biolink:has_phenotype,HP:0000726,NA,This edge comes from the Monarch Initiative 2025.,2025-10-16,has phenotype,NA,NA
MONDO:0018006,biolink:has_phenotype,HP:0000726,NA,This edge comes from the Monarch Initiative 2025.,2025-10-16,has phenotype,NA,NA
MONDO:0020749,biolink:has_phenotype,HP:0000726,https://www.ncbi.nlm.nih.gov/pubmed/12370476,This edge comes from the Monarch Initiative 2025.,2025-10-16,has phenotype,NA,NA
HGNC:9508,biolink:has_phenotype,HP:0000726,NA,This edge comes from the Monarch Initiative 2025.,2025-10-16,has phenotype,NA,NA
MONDO:0012867,biolink:has_phenotype,HP:0000726,NA,This edge comes from the Monarch Initiative 2025.,2025-10-16,has phenotype,NA,NA
HGNC:15984,biolink:has_phenotype,HP:0000726,NA,This edge comes from the Monarch Initiative 2025.,2025-10-16,has phenotype,NA,NA
HGNC:7419,biolink:has_phenotype,HP:0000726,NA,This edge comes from the Monarch Initiative 2025.,2025-10-16,has phenotype,NA,NA
MONDO:0014768,biolink:has_phenotype,HP:0000726,https://www.ncbi.nlm.nih.gov/pubmed/26063658,This edge comes from the Monarch Initiative 2025.,2025-10-16,has phenotype,NA,NA
MONDO:0021011,biolink:has_phenotype,HP:0000726,https://www.ncbi.nlm.nih.gov/pubmed/12891678,This edge comes from the Monarch Initiative 2025.,2025-10-16,has phenotype,NA,NA
HGNC:9179,biolink:has_phenotype,HP:0000726,https://www.ncbi.nlm.nih.gov/pubmed/12565911,This edge comes from the Monarch Initiative 2025.,2025-10-16,has phenotype,NA,NA
MONDO:0012321,biolink:has_phenotype,HP:0000726,NA,This edge comes from the Monarch Initiative 2025.,2025-10-16,has phenotype,NA,NA
MONDO:0013373,biolink:has_phenotype,HP:0000726,https://www.ncbi.nlm.nih.gov/pubmed/17186461,This edge comes from the Monarch Initiative 2025.,2025-10-16,has phenotype,NA,NA
MONDO:0100212,biolink:has_phenotype,HP:0000726,NA,This edge comes from the Monarch Initiative 2025.,2025-10-16,has phenotype,NA,NA
MONDO:0011439,biolink:has_phenotype,HP:0000726,NA,This edge comes from the Monarch Initiative 2025.,2025-10-16,has phenotype,NA,NA
MONDO:0008963,biolink:has_phenotype,HP:0000726,NA,This edge comes from the Monarch Initiative 2025.,2025-10-16,has phenotype,NA,NA
MONDO:0014867,biolink:has_phenotype,HP:0000726,NA,This edge comes from the Monarch Initiative 2025.,2025-10-16,has phenotype,NA,NA
MONDO:0009861,biolink:has_phenotype,HP:0000726,NA,This edge comes from the Monarch Initiative 2025.,2025-10-16,has phenotype,NA,NA
HGNC:7477,biolink:has_phenotype,HP:0000726,NA,This edge comes from the Monarch Initiative 2025.,2025-10-16,has phenotype,NA,NA
MONDO:0014204,biolink:has_phenotype,HP:0000726,https://www.ncbi.nlm.nih.gov/pubmed/23913003,This edge comes from the Monarch Initiative 2025.,2025-10-16,has phenotype,NA,NA
HGNC:4851,biolink:has_phenotype,HP:0000726,NA,This edge comes from the Monarch Initiative 2025.,2025-10-16,has phenotype,NA,NA
MONDO:0007403,biolink:has_phenotype,HP:0000726,NA,This edge comes from the Monarch Initiative 2025.,2025-10-16,has phenotype,NA,NA
HGNC:12449,biolink:has_phenotype,HP:0000726,https://www.ncbi.nlm.nih.gov/pubmed/12370476,This edge comes from the Monarch Initiative 2025.,2025-10-16,has phenotype,NA,NA
MONDO:0014178,biolink:has_phenotype,HP:0002145,https://www.ncbi.nlm.nih.gov/pubmed/11891683,This edge comes from the Monarch Initiative 2025.,2025-10-16,has phenotype,NA,NA
HGNC:11571,biolink:has_phenotype,HP:0002145,NA,This edge comes from the Monarch Initiative 2025.,2025-10-16,has phenotype,NA,NA
MONDO:0014975,biolink:has_phenotype,HP:0000726,https://www.ncbi.nlm.nih.gov/pubmed/28137957,This edge comes from the Monarch Initiative 2025.,2025-10-16,has phenotype,NA,NA
HGNC:28337,biolink:has_phenotype,HP:0000726,NA,This edge comes from the Monarch Initiative 2025.,2025-10-16,has phenotype,NA,NA
MONDO:0018644,biolink:has_phenotype,HP:0000726,NA,This edge comes from the Monarch Initiative 2025.,2025-10-16,has phenotype,NA,NA
HGNC:12509,biolink:has_phenotype,HP:0002145,http://omim.org/entry/300857,This edge comes from the Monarch Initiative 2025.,2025-10-16,has phenotype,NA,NA
MONDO:0013060,biolink:has_phenotype,HP:0002145,NA,This edge comes from the Monarch Initiative 2025.,2025-10-16,has phenotype,NA,NA
MONDO:0007435,biolink:has_phenotype,HP:0000726,NA,This edge comes from the Monarch Initiative 2025.,2025-10-16,has phenotype,NA,NA
HGNC:2244,biolink:has_phenotype,HP:0000726,https://www.ncbi.nlm.nih.gov/pubmed/36454683,This edge comes from the Monarch Initiative 2025.,2025-10-16,has phenotype,NA,NA
HGNC:10549,biolink:has_phenotype,HP:0000726,NA,This edge comes from the Monarch Initiative 2025.,2025-10-16,has phenotype,NA,NA
MONDO:0014742,biolink:has_phenotype,HP:0000726,https://www.ncbi.nlm.nih.gov/pubmed/12244316,This edge comes from the Monarch Initiative 2025.,2025-10-16,has phenotype,NA,NA
MONDO:0008793,biolink:has_phenotype,HP:0000726,NA,This edge comes from the Monarch Initiative 2025.,2025-10-16,has phenotype,NA,NA
HGNC:7495,biolink:has_phenotype,HP:0000726,NA,This edge comes from the Monarch Initiative 2025.,2025-10-16,has phenotype,NA,NA
MONDO:0018737,biolink:has_phenotype,HP:0000726,NA,This edge comes from the Monarch Initiative 2025.,2025-10-16,has phenotype,NA,NA
MONDO:0010476,biolink:has_phenotype,HP:0000726,NA,This edge comes from the Monarch Initiative 2025.,2025-10-16,has phenotype,NA,NA
HP:0000727,biolink:subclass_of,HP:0000726,NA,This edge comes from the Monarch Initiative 2025.,2025-10-16,subclass of,NA,NA
HGNC:24537,biolink:has_phenotype,HP:0002145,NA,This edge comes from the Monarch Initiative 2025.,2025-10-16,has phenotype,NA,NA
MONDO:0000914,biolink:has_phenotype,HP:0007123,NA,This edge comes from the Monarch Initiative 2025.,2025-10-16,has phenotype,NA,NA
MONDO:0008201,biolink:has_phenotype,HP:0000726,NA,This edge comes from the Monarch Initiative 2025.,2025-10-16,has phenotype,NA,NA
MONDO:0008842,biolink:has_phenotype,HP:0000726,NA,This edge comes from the Monarch Initiative 2025.,2025-10-16,has phenotype,NA,NA
HGNC:8800,biolink:has_phenotype,HP:0000726,https://www.ncbi.nlm.nih.gov/pubmed/23913003,This edge comes from the Monarch Initiative 2025.,2025-10-16,has phenotype,NA,NA
MONDO:0017730,biolink:has_phenotype,HP:0000726,NA,This edge comes from the Monarch Initiative 2025.,2025-10-16,has phenotype,NA,NA
HGNC:6893,biolink:has_phenotype,HP:0000726,https://www.ncbi.nlm.nih.gov/pubmed/6524873,This edge comes from the Monarch Initiative 2025.,2025-10-16,has phenotype,NA,NA
MONDO:0015484,biolink:has_phenotype,HP:0000726,NA,This edge comes from the Monarch Initiative 2025.,2025-10-16,has phenotype,NA,NA
MONDO:0958199,biolink:has_phenotype,HP:0000726,NA,This edge comes from the Monarch Initiative 2025.,2025-10-16,has phenotype,NA,NA
MONDO:0010857,biolink:has_phenotype,HP:0000727,NA,This edge comes from the Monarch Initiative 2025.,2025-10-16,has phenotype,NA,NA
HGNC:2976,biolink:has_phenotype,HP:0000726,https://www.ncbi.nlm.nih.gov/pubmed/22328086,This edge comes from the Monarch Initiative 2025.,2025-10-16,has phenotype,NA,NA
HGNC:18063,biolink:has_phenotype,HP:0000726,https://www.ncbi.nlm.nih.gov/pubmed/31664034,This edge comes from the Monarch Initiative 2025.,2025-10-16,has phenotype,NA,NA
MONDO:0008178,biolink:has_phenotype,HP:0000726,"https://www.ncbi.nlm.nih.gov/pubmed/15732117,16247064",This edge comes from the Monarch Initiative 2025.,2025-10-16,has phenotype,NA,NA
MONDO:0010459,biolink:has_phenotype,HP:0002145,NA,This edge comes from the Monarch Initiative 2025.,2025-10-16,has phenotype,NA,NA
HGNC:3432,biolink:has_phenotype,HP:0000726,https://www.ncbi.nlm.nih.gov/pubmed/24119685,This edge comes from the Monarch Initiative 2025.,2025-10-16,has phenotype,NA,NA
MONDO:0018150,biolink:has_phenotype,HP:0000726,NA,This edge comes from the Monarch Initiative 2025.,2025-10-16,has phenotype,NA,NA
MONDO:0007624,biolink:has_phenotype,HP:0000726,NA,This edge comes from the Monarch Initiative 2025.,2025-10-16,has phenotype,NA,NA
HGNC:3439,biolink:has_phenotype,HP:0000726,NA,This edge comes from the Monarch Initiative 2025.,2025-10-16,has phenotype,NA,NA
HGNC:11588,biolink:has_phenotype,HP:0000727,NA,This edge comes from the Monarch Initiative 2025.,2025-10-16,has phenotype,NA,NA
MONDO:0017946,biolink:has_phenotype,HP:0000726,NA,This edge comes from the Monarch Initiative 2025.,2025-10-16,has phenotype,NA,NA
HGNC:7154,biolink:has_phenotype,HP:0000726,https://www.ncbi.nlm.nih.gov/pubmed/26991897,This edge comes from the Monarch Initiative 2025.,2025-10-16,has phenotype,NA,NA
HGNC:1349,biolink:has_phenotype,HP:0000726,https://www.ncbi.nlm.nih.gov/pubmed/35310830,This edge comes from the Monarch Initiative 2025.,2025-10-16,has phenotype,NA,NA
MONDO:0010857,biolink:has_phenotype,HP:0000726,NA,This edge comes from the Monarch Initiative 2025.,2025-10-16,has phenotype,NA,NA
MONDO:0018964,biolink:has_phenotype,HP:0000726,NA,This edge comes from the Monarch Initiative 2025.,2025-10-16,has phenotype,NA,NA
MONDO:0014147,biolink:has_phenotype,HP:0000726,https://www.ncbi.nlm.nih.gov/pubmed/23297359,This edge comes from the Monarch Initiative 2025.,2025-10-16,has phenotype,NA,NA
MONDO:0011671,biolink:has_phenotype,HP:0000726,NA,This edge comes from the Monarch Initiative 2025.,2025-10-16,has phenotype,NA,NA
MONDO:0027694,biolink:has_phenotype,HP:0000726,https://www.ncbi.nlm.nih.gov/pubmed/28469040,This edge comes from the Monarch Initiative 2025.,2025-10-16,has phenotype,NA,NA
MONDO:0800027,biolink:has_phenotype,HP:0000727,NA,This edge comes from the Monarch Initiative 2025.,2025-10-16,has phenotype,NA,NA
MONDO:0011327,biolink:has_phenotype,HP:0000726,NA,This edge comes from the Monarch Initiative 2025.,2025-10-16,has phenotype,NA,NA
HGNC:7421,biolink:has_phenotype,HP:0000726,NA,This edge comes from the Monarch Initiative 2025.,2025-10-16,has phenotype,NA,NA
MONDO:0012278,biolink:has_phenotype,HP:0002439,NA,This edge comes from the Monarch Initiative 2025.,2025-10-16,has phenotype,NA,NA
MONDO:0014568,biolink:has_phenotype,HP:0000726,NA,This edge comes from the Monarch Initiative 2025.,2025-10-16,has phenotype,NA,NA
MONDO:0017160,biolink:has_phenotype,HP:0002145,NA,This edge comes from the Monarch Initiative 2025.,2025-10-16,has phenotype,NA,NA
MONDO:0009610,biolink:has_phenotype,HP:0000726,https://www.ncbi.nlm.nih.gov/pubmed/20855850,This edge comes from the Monarch Initiative 2025.,2025-10-16,has phenotype,NA,NA
HGNC:53924,biolink:has_phenotype,HP:0000726,https://www.ncbi.nlm.nih.gov/pubmed/27797808,This edge comes from the Monarch Initiative 2025.,2025-10-16,has phenotype,NA,NA
MONDO:0011887,biolink:has_phenotype,HP:0000726,NA,This edge comes from the Monarch Initiative 2025.,2025-10-16,has phenotype,NA,NA
MONDO:0008306,biolink:has_phenotype,HP:0000726,NA,This edge comes from the Monarch Initiative 2025.,2025-10-16,has phenotype,NA,NA
HGNC:10555,biolink:has_phenotype,HP:0000726,NA,This edge comes from the Monarch Initiative 2025.,2025-10-16,has phenotype,NA,NA
MONDO:0009698,biolink:has_phenotype,HP:0000726,NA,This edge comes from the Monarch Initiative 2025.,2025-10-16,has phenotype,NA,NA
MONDO:0009185,biolink:has_phenotype,HP:0000726,NA,This edge comes from the Monarch Initiative 2025.,2025-10-16,has phenotype,NA,NA
MONDO:0011412,biolink:has_phenotype,HP:0000726,NA,This edge comes from the Monarch Initiative 2025.,2025-10-16,has phenotype,NA,NA
HGNC:6174,biolink:has_phenotype,HP:0000726,NA,This edge comes from the Monarch Initiative 2025.,2025-10-16,has phenotype,NA,NA
MONDO:0014641,biolink:has_phenotype,HP:0002145,NA,This edge comes from the Monarch Initiative 2025.,2025-10-16,has phenotype,NA,NA
MONDO:0011583,biolink:has_phenotype,HP:0000726,https://www.ncbi.nlm.nih.gov/pubmed/16178030,This edge comes from the Monarch Initiative 2025.,2025-10-16,has phenotype,NA,NA
MONDO:0010382,biolink:has_phenotype,HP:0000726,http://omim.org/entry/309550,This edge comes from the Monarch Initiative 2025.,2025-10-16,has phenotype,NA,NA
MONDO:0001627,biolink:has_phenotype,HP:0000726,NA,This edge comes from the Monarch Initiative 2025.,2025-10-16,has phenotype,NA,NA
MONDO:0013737,biolink:has_phenotype,HP:0000726,https://www.ncbi.nlm.nih.gov/pubmed/20593214,This edge comes from the Monarch Initiative 2025.,2025-10-16,has phenotype,NA,NA
MONDO:0011330,biolink:has_phenotype,HP:0000726,NA,This edge comes from the Monarch Initiative 2025.,2025-10-16,has phenotype,NA,NA
HGNC:2074,biolink:has_phenotype,HP:0000726,NA,This edge comes from the Monarch Initiative 2025.,2025-10-16,has phenotype,NA,NA
MONDO:0030885,biolink:has_phenotype,HP:0002145,https://www.ncbi.nlm.nih.gov/pubmed/28817800,This edge comes from the Monarch Initiative 2025.,2025-10-16,has phenotype,NA,NA
MONDO:0012790,biolink:has_phenotype,HP:0002145,NA,This edge comes from the Monarch Initiative 2025.,2025-10-16,has phenotype,NA,NA
HGNC:7455,biolink:has_phenotype,HP:0000726,NA,This edge comes from the Monarch Initiative 2025.,2025-10-16,has phenotype,NA,NA
MONDO:0007105,biolink:has_phenotype,HP:0000726,NA,This edge comes from the Monarch Initiative 2025.,2025-10-16,has phenotype,NA,NA
MONDO:0009568,biolink:has_phenotype,HP:0000726,NA,This edge comes from the Monarch Initiative 2025.,2025-10-16,has phenotype,NA,NA
MONDO:0009839,biolink:has_phenotype,HP:0000726,NA,This edge comes from the Monarch Initiative 2025.,2025-10-16,has phenotype,NA,NA
HGNC:7497,biolink:has_phenotype,HP:0000726,NA,This edge comes from the Monarch Initiative 2025.,2025-10-16,has phenotype,NA,NA
MONDO:0005620,biolink:has_phenotype,HP:0000726,NA,This edge comes from the Monarch Initiative 2025.,2025-10-16,has phenotype,NA,NA
MONDO:0009835,biolink:has_phenotype,HP:0000726,NA,This edge comes from the Monarch Initiative 2025.,2025-10-16,has phenotype,NA,NA
MONDO:0030872,biolink:has_phenotype,HP:0000726,"https://www.ncbi.nlm.nih.gov/pubmed/32666117,23338750",This edge comes from the Monarch Initiative 2025.,2025-10-16,has phenotype,NA,NA
MONDO:0018105,biolink:has_phenotype,HP:0000726,NA,This edge comes from the Monarch Initiative 2025.,2025-10-16,has phenotype,NA,NA
HGNC:21022,biolink:has_phenotype,HP:0000726,https://www.ncbi.nlm.nih.gov/pubmed/24808023,This edge comes from the Monarch Initiative 2025.,2025-10-16,has phenotype,NA,NA
HGNC:2433,biolink:has_phenotype,HP:0000727,NA,This edge comes from the Monarch Initiative 2025.,2025-10-16,has phenotype,NA,NA
MONDO:0011397,biolink:has_phenotype,HP:0000726,https://www.ncbi.nlm.nih.gov/pubmed/22328086,This edge comes from the Monarch Initiative 2025.,2025-10-16,has phenotype,NA,NA
MONDO:0016091,biolink:has_phenotype,HP:0000726,NA,This edge comes from the Monarch Initiative 2025.,2025-10-16,has phenotype,NA,NA
MONDO:0011703,biolink:has_phenotype,HP:0000726,https://www.ncbi.nlm.nih.gov/pubmed/9266722,This edge comes from the Monarch Initiative 2025.,2025-10-16,has phenotype,NA,NA
HGNC:29478,biolink:has_phenotype,HP:0000726,NA,This edge comes from the Monarch Initiative 2025.,2025-10-16,has phenotype,NA,NA
MONDO:0014628,biolink:has_phenotype,HP:0000726,NA,This edge comes from the Monarch Initiative 2025.,2025-10-16,has phenotype,NA,NA
HGNC:7491,biolink:has_phenotype,HP:0000726,NA,This edge comes from the Monarch Initiative 2025.,2025-10-16,has phenotype,NA,NA
HGNC:8607,biolink:has_phenotype,HP:0000726,https://www.ncbi.nlm.nih.gov/pubmed/16328510,This edge comes from the Monarch Initiative 2025.,2025-10-16,has phenotype,NA,NA
MONDO:0011632,biolink:has_phenotype,HP:0000726,NA,This edge comes from the Monarch Initiative 2025.,2025-10-16,has phenotype,NA,NA
MONDO:0010200,biolink:has_phenotype,HP:0000726,NA,This edge comes from the Monarch Initiative 2025.,2025-10-16,has phenotype,NA,NA
HGNC:620,biolink:has_phenotype,HP:0000726,https://www.ncbi.nlm.nih.gov/pubmed/16178030,This edge comes from the Monarch Initiative 2025.,2025-10-16,has phenotype,NA,NA
MONDO:0014899,biolink:has_phenotype,HP:0000726,NA,This edge comes from the Monarch Initiative 2025.,2025-10-16,has phenotype,NA,NA
MONDO:0015681,biolink:has_phenotype,HP:0000726,NA,This edge comes from the Monarch Initiative 2025.,2025-10-16,has phenotype,NA,NA
HGNC:11277,biolink:has_phenotype,HP:0000726,https://www.ncbi.nlm.nih.gov/pubmed/34059824,This edge comes from the Monarch Initiative 2025.,2025-10-16,has phenotype,NA,NA
MONDO:0026720,biolink:has_phenotype,HP:0000726,https://www.ncbi.nlm.nih.gov/pubmed/19185523,This edge comes from the Monarch Initiative 2025.,2025-10-16,has phenotype,NA,NA
MONDO:0014223,biolink:has_phenotype,HP:0000726,https://www.ncbi.nlm.nih.gov/pubmed/24119685,This edge comes from the Monarch Initiative 2025.,2025-10-16,has phenotype,NA,NA
MONDO:0018544,biolink:has_phenotype,HP:0000726,NA,This edge comes from the Monarch Initiative 2025.,2025-10-16,has phenotype,NA,NA
MONDO:0018696,biolink:has_phenotype,HP:0000726,NA,This edge comes from the Monarch Initiative 2025.,2025-10-16,has phenotype,NA,NA
MONDO:0010030,biolink:has_phenotype,HP:0000726,NA,This edge comes from the Monarch Initiative 2025.,2025-10-16,has phenotype,NA,NA
MONDO:0007656,biolink:has_phenotype,HP:0000726,NA,This edge comes from the Monarch Initiative 2025.,2025-10-16,has phenotype,NA,NA
MONDO:0015140,biolink:has_phenotype,HP:0030219,NA,This edge comes from the Monarch Initiative 2025.,2025-10-16,has phenotype,NA,NA
MONDO:0008200,biolink:has_phenotype,HP:0000726,NA,This edge comes from the Monarch Initiative 2025.,2025-10-16,has phenotype,NA,NA
MONDO:0030872,biolink:has_phenotype,HP:0002145,https://www.ncbi.nlm.nih.gov/pubmed/23338750,This edge comes from the Monarch Initiative 2025.,2025-10-16,has phenotype,NA,NA
MONDO:0018637,biolink:has_phenotype,HP:0000726,NA,This edge comes from the Monarch Initiative 2025.,2025-10-16,has phenotype,NA,NA
HGNC:2584,biolink:has_phenotype,HP:0000726,"https://www.ncbi.nlm.nih.gov/pubmed/32666117,23338750",This edge comes from the Monarch Initiative 2025.,2025-10-16,has phenotype,NA,NA
MONDO:0011327,biolink:has_phenotype,HP:0000726,https://www.ncbi.nlm.nih.gov/pubmed/27797808,This edge comes from the Monarch Initiative 2025.,2025-10-16,has phenotype,NA,NA
HGNC:26684,biolink:has_phenotype,HP:0000726,NA,This edge comes from the Monarch Initiative 2025.,2025-10-16,has phenotype,NA,NA
HGNC:9179,biolink:has_phenotype,HP:0000726,NA,This edge comes from the Monarch Initiative 2025.,2025-10-16,has phenotype,NA,NA
HGNC:6912,biolink:has_phenotype,HP:0000726,http://omim.org/entry/606070,This edge comes from the Monarch Initiative 2025.,2025-10-16,has phenotype,NA,NA
HGNC:9508,biolink:has_phenotype,HP:0000727,NA,This edge comes from the Monarch Initiative 2025.,2025-10-16,has phenotype,NA,NA
MONDO:0014866,biolink:has_phenotype,HP:0000726,https://www.ncbi.nlm.nih.gov/pubmed/26991897,This edge comes from the Monarch Initiative 2025.,2025-10-16,has phenotype,NA,NA
HGNC:9476,biolink:has_phenotype,HP:0000726,"https://www.ncbi.nlm.nih.gov/pubmed/34946904,19387015",This edge comes from the Monarch Initiative 2025.,2025-10-16,has phenotype,NA,NA
MONDO:0011913,biolink:has_phenotype,HP:0000726,NA,This edge comes from the Monarch Initiative 2025.,2025-10-16,has phenotype,NA,NA
MONDO:0011671,biolink:has_phenotype,HP:0007123,https://www.ncbi.nlm.nih.gov/pubmed/11914418,This edge comes from the Monarch Initiative 2025.,2025-10-16,has phenotype,NA,NA
HGNC:6893,biolink:has_phenotype,HP:0000726,NA,This edge comes from the Monarch Initiative 2025.,2025-10-16,has phenotype,NA,NA
MONDO:0018982,biolink:has_phenotype,HP:0000726,NA,This edge comes from the Monarch Initiative 2025.,2025-10-16,has phenotype,NA,NA
MONDO:0008781,biolink:has_phenotype,HP:0000726,NA,This edge comes from the Monarch Initiative 2025.,2025-10-16,has phenotype,NA,NA
HGNC:7489,biolink:has_phenotype,HP:0000726,NA,This edge comes from the Monarch Initiative 2025.,2025-10-16,has phenotype,NA,NA
MONDO:0011299,biolink:has_phenotype,HP:0000726,NA,This edge comes from the Monarch Initiative 2025.,2025-10-16,has phenotype,NA,NA
HGNC:30213,biolink:has_phenotype,HP:0000726,https://www.ncbi.nlm.nih.gov/pubmed/16964263,This edge comes from the Monarch Initiative 2025.,2025-10-16,has phenotype,NA,NA
MONDO:0017161,biolink:has_phenotype,HP:0002145,NA,This edge comes from the Monarch Initiative 2025.,2025-10-16,has phenotype,NA,NA
MONDO:0010476,biolink:has_phenotype,HP:0000726,https://www.ncbi.nlm.nih.gov/pubmed/23435086,This edge comes from the Monarch Initiative 2025.,2025-10-16,has phenotype,NA,NA
HGNC:11233,biolink:has_phenotype,HP:0000726,NA,This edge comes from the Monarch Initiative 2025.,2025-10-16,has phenotype,NA,NA
HGNC:870,biolink:has_phenotype,HP:0000726,NA,This edge comes from the Monarch Initiative 2025.,2025-10-16,has phenotype,NA,NA
HGNC:7106,biolink:has_phenotype,HP:0000726,NA,This edge comes from the Monarch Initiative 2025.,2025-10-16,has phenotype,NA,NA
MONDO:0060456,biolink:has_phenotype,HP:0000726,NA,This edge comes from the Monarch Initiative 2025.,2025-10-16,has phenotype,NA,NA
MONDO:0009463,biolink:has_phenotype,HP:0000726,NA,This edge comes from the Monarch Initiative 2025.,2025-10-16,has phenotype,NA,NA
HGNC:3775,biolink:has_phenotype,HP:0000726,NA,This edge comes from the Monarch Initiative 2025.,2025-10-16,has phenotype,NA,NA
HGNC:7481,biolink:has_phenotype,HP:0000726,NA,This edge comes from the Monarch Initiative 2025.,2025-10-16,has phenotype,NA,NA
MONDO:0000914,biolink:has_phenotype,HP:0000726,"https://www.ncbi.nlm.nih.gov/pubmed/10371078,16864835",This edge comes from the Monarch Initiative 2025.,2025-10-16,has phenotype,NA,NA
HP:0000726,biolink:subclass_of,HP:0001268,NA,This edge comes from the Monarch Initiative 2025.,2025-10-16,subclass of,NA,NA
HGNC:4177,biolink:has_phenotype,HP:0000726,NA,This edge comes from the Monarch Initiative 2025.,2025-10-16,has phenotype,NA,NA
MONDO:0007089,biolink:has_phenotype,HP:0000726,NA,This edge comes from the Monarch Initiative 2025.,2025-10-16,has phenotype,NA,NA
MONDO:0030805,biolink:has_phenotype,HP:0000726,https://www.ncbi.nlm.nih.gov/pubmed/35310830,This edge comes from the Monarch Initiative 2025.,2025-10-16,has phenotype,NA,NA
HGNC:7487,biolink:has_phenotype,HP:0000726,NA,This edge comes from the Monarch Initiative 2025.,2025-10-16,has phenotype,NA,NA
HGNC:9509,biolink:has_phenotype,HP:0000726,https://www.ncbi.nlm.nih.gov/pubmed/12925374,This edge comes from the Monarch Initiative 2025.,2025-10-16,has phenotype,NA,NA
MONDO:0007088,biolink:has_phenotype,HP:0000726,NA,This edge comes from the Monarch Initiative 2025.,2025-10-16,has phenotype,NA,NA
MONDO:0000914,biolink:has_phenotype,HP:0000726,NA,This edge comes from the Monarch Initiative 2025.,2025-10-16,has phenotype,NA,NA
MONDO:0008444,biolink:has_phenotype,HP:0000726,NA,This edge comes from the Monarch Initiative 2025.,2025-10-16,has phenotype,NA,NA
HGNC:7678,biolink:has_phenotype,HP:0000726,NA,This edge comes from the Monarch Initiative 2025.,2025-10-16,has phenotype,NA,NA
MONDO:0019160,biolink:has_phenotype,HP:0000726,NA,This edge comes from the Monarch Initiative 2025.,2025-10-16,has phenotype,NA,NA
HGNC:8943,biolink:has_phenotype,HP:0000726,NA,This edge comes from the Monarch Initiative 2025.,2025-10-16,has phenotype,NA,NA
MONDO:0020750,biolink:has_phenotype,HP:0000726,https://www.ncbi.nlm.nih.gov/pubmed/15883308,This edge comes from the Monarch Initiative 2025.,2025-10-16,has phenotype,NA,NA
HGNC:9449,biolink:has_phenotype,HP:0000726,https://www.ncbi.nlm.nih.gov/pubmed/9266722,This edge comes from the Monarch Initiative 2025.,2025-10-16,has phenotype,NA,NA
MONDO:0013584,biolink:has_phenotype,HP:0000726,https://www.ncbi.nlm.nih.gov/pubmed/21532572,This edge comes from the Monarch Initiative 2025.,2025-10-16,has phenotype,NA,NA
HGNC:20373,biolink:has_phenotype,HP:0000726,https://www.ncbi.nlm.nih.gov/pubmed/14564668,This edge comes from the Monarch Initiative 2025.,2025-10-16,has phenotype,NA,NA
HGNC:7897,biolink:has_phenotype,HP:0000726,NA,This edge comes from the Monarch Initiative 2025.,2025-10-16,has phenotype,NA,NA
MONDO:0011835,biolink:has_phenotype,HP:0000726,https://www.ncbi.nlm.nih.gov/pubmed/12565911,This edge comes from the Monarch Initiative 2025.,2025-10-16,has phenotype,NA,NA
MONDO:0009366,biolink:has_phenotype,HP:0000726,NA,This edge comes from the Monarch Initiative 2025.,2025-10-16,has phenotype,NA,NA
HGNC:3033,biolink:has_phenotype,HP:0000726,https://www.ncbi.nlm.nih.gov/pubmed/31755148,This edge comes from the Monarch Initiative 2025.,2025-10-16,has phenotype,NA,NA
HGNC:1160,biolink:has_phenotype,HP:0000726,https://www.ncbi.nlm.nih.gov/pubmed/12565911,This edge comes from the Monarch Initiative 2025.,2025-10-16,has phenotype,NA,NA
HGNC:2858,biolink:has_phenotype,HP:0000726,https://www.ncbi.nlm.nih.gov/pubmed/23043144,This edge comes from the Monarch Initiative 2025.,2025-10-16,has phenotype,NA,NA
MONDO:0010044,biolink:has_phenotype,HP:0000726,NA,This edge comes from the Monarch Initiative 2025.,2025-10-16,has phenotype,NA,NA
MONDO:0015059,biolink:has_phenotype,HP:0002145,NA,This edge comes from the Monarch Initiative 2025.,2025-10-16,has phenotype,NA,NA
MONDO:0018591,biolink:has_phenotype,HP:0000726,NA,This edge comes from the Monarch Initiative 2025.,2025-10-16,has phenotype,NA,NA
MONDO:0019972,biolink:has_phenotype,HP:0000726,NA,This edge comes from the Monarch Initiative 2025.,2025-10-16,has phenotype,NA,NA
MONDO:0004648,biolink:has_phenotype,HP:0000726,NA,This edge comes from the Monarch Initiative 2025.,2025-10-16,has phenotype,NA,NA
HGNC:2605,biolink:has_phenotype,HP:0000726,NA,This edge comes from the Monarch Initiative 2025.,2025-10-16,has phenotype,NA,NA
HGNC:4878,biolink:has_phenotype,HP:0000726,NA,This edge comes from the Monarch Initiative 2025.,2025-10-16,has phenotype,NA,NA
MONDO:0011743,biolink:has_phenotype,HP:0000726,https://www.ncbi.nlm.nih.gov/pubmed/30104866,This edge comes from the Monarch Initiative 2025.,2025-10-16,has phenotype,NA,NA
HGNC:4367,biolink:has_phenotype,HP:0000726,NA,This edge comes from the Monarch Initiative 2025.,2025-10-16,has phenotype,NA,NA
MONDO:0011743,biolink:has_phenotype,HP:0000726,https://www.ncbi.nlm.nih.gov/pubmed/12925374,This edge comes from the Monarch Initiative 2025.,2025-10-16,has phenotype,NA,NA
MONDO:0011781,biolink:has_phenotype,HP:0000727,NA,This edge comes from the Monarch Initiative 2025.,2025-10-16,has phenotype,NA,NA
MONDO:0017276,biolink:has_phenotype,HP:0002145,NA,This edge comes from the Monarch Initiative 2025.,2025-10-16,has phenotype,NA,NA
HGNC:7462,biolink:has_phenotype,HP:0000726,NA,This edge comes from the Monarch Initiative 2025.,2025-10-16,has phenotype,NA,NA
MONDO:0008307,biolink:has_phenotype,HP:0000726,NA,This edge comes from the Monarch Initiative 2025.,2025-10-16,has phenotype,NA,NA
MONDO:0008201,biolink:has_phenotype,HP:0002145,NA,This edge comes from the Monarch Initiative 2025.,2025-10-16,has phenotype,NA,NA
MONDO:0014975,biolink:has_phenotype,HP:0000726,NA,This edge comes from the Monarch Initiative 2025.,2025-10-16,has phenotype,NA,NA
MONDO:0859529,biolink:has_phenotype,HP:0000726,https://www.ncbi.nlm.nih.gov/pubmed/34059824,This edge comes from the Monarch Initiative 2025.,2025-10-16,has phenotype,NA,NA
MONDO:0008836,biolink:has_phenotype,HP:0000726,NA,This edge comes from the Monarch Initiative 2025.,2025-10-16,has phenotype,NA,NA
HGNC:11138,biolink:has_phenotype,HP:0000726,NA,This edge comes from the Monarch Initiative 2025.,2025-10-16,has phenotype,NA,NA
MONDO:0009568,biolink:has_phenotype,HP:0000726,https://www.ncbi.nlm.nih.gov/pubmed/14564668,This edge comes from the Monarch Initiative 2025.,2025-10-16,has phenotype,NA,NA
HGNC:9305,biolink:has_phenotype,HP:0000726,NA,This edge comes from the Monarch Initiative 2025.,2025-10-16,has phenotype,NA,NA
MONDO:0007098,biolink:has_phenotype,HP:0000726,NA,This edge comes from the Monarch Initiative 2025.,2025-10-16,has phenotype,NA,NA
MONDO:0010936,biolink:has_phenotype,HP:0002145,NA,This edge comes from the Monarch Initiative 2025.,2025-10-16,has phenotype,NA,NA
MONDO:0007104,biolink:has_phenotype,HP:0000726,NA,This edge comes from the Monarch Initiative 2025.,2025-10-16,has phenotype,NA,NA
HGNC:2295,biolink:has_phenotype,HP:0000726,NA,This edge comes from the Monarch Initiative 2025.,2025-10-16,has phenotype,NA,NA
MONDO:0004976,biolink:has_phenotype,HP:0002145,NA,This edge comes from the Monarch Initiative 2025.,2025-10-16,has phenotype,NA,NA
MONDO:0007182,biolink:has_phenotype,HP:0000726,NA,This edge comes from the Monarch Initiative 2025.,2025-10-16,has phenotype,NA,NA
HGNC:7500,biolink:has_phenotype,HP:0000726,NA,This edge comes from the Monarch Initiative 2025.,2025-10-16,has phenotype,NA,NA
MONDO:0010808,biolink:has_phenotype,HP:0000726,NA,This edge comes from the Monarch Initiative 2025.,2025-10-16,has phenotype,NA,NA
MONDO:0010534,biolink:has_phenotype,HP:0000726,NA,This edge comes from the Monarch Initiative 2025.,2025-10-16,has phenotype,NA,NA
MONDO:0016621,biolink:has_phenotype,HP:0000726,NA,This edge comes from the Monarch Initiative 2025.,2025-10-16,has phenotype,NA,NA
HGNC:9039,biolink:has_phenotype,HP:0002145,NA,This edge comes from the Monarch Initiative 2025.,2025-10-16,has phenotype,NA,NA
MONDO:0016079,biolink:has_phenotype,HP:0000726,NA,This edge comes from the Monarch Initiative 2025.,2025-10-16,has phenotype,NA,NA
MONDO:0007325,biolink:has_phenotype,HP:0000726,NA,This edge comes from the Monarch Initiative 2025.,2025-10-16,has phenotype,NA,NA
MONDO:0008935,biolink:has_phenotype,HP:0000726,https://www.ncbi.nlm.nih.gov/pubmed/23656588,This edge comes from the Monarch Initiative 2025.,2025-10-16,has phenotype,NA,NA
MONDO:0007433,biolink:has_phenotype,HP:0000726,NA,This edge comes from the Monarch Initiative 2025.,2025-10-16,has phenotype,NA,NA
HGNC:7883,biolink:has_phenotype,HP:0000726,"https://www.ncbi.nlm.nih.gov/pubmed/10371078,16864835",This edge comes from the Monarch Initiative 2025.,2025-10-16,has phenotype,NA,NA
MONDO:0010215,biolink:has_phenotype,HP:0000726,NA,This edge comes from the Monarch Initiative 2025.,2025-10-16,has phenotype,NA,NA
HGNC:16499,biolink:has_phenotype,HP:0000726,http://omim.org/entry/311510,This edge comes from the Monarch Initiative 2025.,2025-10-16,has phenotype,NA,NA
MONDO:0007297,biolink:has_phenotype,HP:0000726,NA,This edge comes from the Monarch Initiative 2025.,2025-10-16,has phenotype,NA,NA
MONDO:0010857,biolink:has_phenotype,HP:0000726,https://www.ncbi.nlm.nih.gov/pubmed/6524873,This edge comes from the Monarch Initiative 2025.,2025-10-16,has phenotype,NA,NA
MONDO:0009054,biolink:has_phenotype,HP:0000726,NA,This edge comes from the Monarch Initiative 2025.,2025-10-16,has phenotype,NA,NA
MONDO:0017945,biolink:has_phenotype,HP:0000726,NA,This edge comes from the Monarch Initiative 2025.,2025-10-16,has phenotype,NA,NA
MONDO:0008758,biolink:has_phenotype,HP:0000726,NA,This edge comes from the Monarch Initiative 2025.,2025-10-16,has phenotype,NA,NA
MONDO:0009697,biolink:has_phenotype,HP:0000726,NA,This edge comes from the Monarch Initiative 2025.,2025-10-16,has phenotype,NA,NA
MONDO:0010829,biolink:has_phenotype,HP:0000726,"https://www.ncbi.nlm.nih.gov/pubmed/34946904,19387015",This edge comes from the Monarch Initiative 2025.,2025-10-16,has phenotype,NA,NA
HGNC:6893,biolink:has_phenotype,HP:0002145,NA,This edge comes from the Monarch Initiative 2025.,2025-10-16,has phenotype,NA,NA
HGNC:12407,biolink:has_phenotype,HP:0002145,https://www.ncbi.nlm.nih.gov/pubmed/25374358,This edge comes from the Monarch Initiative 2025.,2025-10-16,has phenotype,NA,NA
HGNC:3413,biolink:has_phenotype,HP:0000726,NA,This edge comes from the Monarch Initiative 2025.,2025-10-16,has phenotype,NA,NA
MONDO:0010184,biolink:has_phenotype,HP:0000726,NA,This edge comes from the Monarch Initiative 2025.,2025-10-16,has phenotype,NA,NA
MONDO:0009897,biolink:has_phenotype,HP:0000726,NA,This edge comes from the Monarch Initiative 2025.,2025-10-16,has phenotype,NA,NA
HGNC:7683,biolink:has_phenotype,HP:0000726,https://www.ncbi.nlm.nih.gov/pubmed/19185523,This edge comes from the Monarch Initiative 2025.,2025-10-16,has phenotype,NA,NA
HGNC:7498,biolink:has_phenotype,HP:0000726,NA,This edge comes from the Monarch Initiative 2025.,2025-10-16,has phenotype,NA,NA
HGNC:613,biolink:has_phenotype,HP:0000726,NA,This edge comes from the Monarch Initiative 2025.,2025-10-16,has phenotype,NA,NA
MONDO:0016545,biolink:has_phenotype,HP:0000726,NA,This edge comes from the Monarch Initiative 2025.,2025-10-16,has phenotype,NA,NA
HGNC:11280,biolink:has_phenotype,HP:0002145,NA,This edge comes from the Monarch Initiative 2025.,2025-10-16,has phenotype,NA,NA
MONDO:0009319,biolink:has_phenotype,HP:0000726,NA,This edge comes from the Monarch Initiative 2025.,2025-10-16,has phenotype,NA,NA
MONDO:0017947,biolink:has_phenotype,HP:0000726,NA,This edge comes from the Monarch Initiative 2025.,2025-10-16,has phenotype,NA,NA
HGNC:14581,biolink:has_phenotype,HP:0000726,NA,This edge comes from the Monarch Initiative 2025.,2025-10-16,has phenotype,NA,NA
HGNC:18986,biolink:has_phenotype,HP:0000726,https://www.ncbi.nlm.nih.gov/pubmed/20593214,This edge comes from the Monarch Initiative 2025.,2025-10-16,has phenotype,NA,NA
HGNC:14537,biolink:has_phenotype,HP:0000726,NA,This edge comes from the Monarch Initiative 2025.,2025-10-16,has phenotype,NA,NA
MONDO:0019037,biolink:has_phenotype,HP:0000726,NA,This edge comes from the Monarch Initiative 2025.,2025-10-16,has phenotype,NA,NA
MONDO:0000507,biolink:has_phenotype,HP:0002145,NA,This edge comes from the Monarch Initiative 2025.,2025-10-16,has phenotype,NA,NA
MONDO:0009502,biolink:has_phenotype,HP:0000726,NA,This edge comes from the Monarch Initiative 2025.,2025-10-16,has phenotype,NA,NA
MONDO:0011638,biolink:has_phenotype,HP:0007123,NA,This edge comes from the Monarch Initiative 2025.,2025-10-16,has phenotype,NA,NA
MONDO:0030875,biolink:has_phenotype,HP:0002145,https://www.ncbi.nlm.nih.gov/pubmed/27080313,This edge comes from the Monarch Initiative 2025.,2025-10-16,has phenotype,NA,NA
MONDO:0013673,biolink:has_phenotype,HP:0000726,NA,This edge comes from the Monarch Initiative 2025.,2025-10-16,has phenotype,NA,NA
HGNC:2475,biolink:has_phenotype,HP:0000726,NA,This edge comes from the Monarch Initiative 2025.,2025-10-16,has phenotype,NA,NA
MONDO:0800306,biolink:has_phenotype,HP:0000726,https://www.ncbi.nlm.nih.gov/pubmed/15781812,This edge comes from the Monarch Initiative 2025.,2025-10-16,has phenotype,NA,NA
MONDO:0008695,biolink:has_phenotype,HP:0000726,NA,This edge comes from the Monarch Initiative 2025.,2025-10-16,has phenotype,NA,NA
MONDO:0016370,biolink:has_phenotype,HP:0000726,NA,This edge comes from the Monarch Initiative 2025.,2025-10-16,has phenotype,NA,NA
MONDO:0010997,biolink:has_phenotype,HP:0002439,NA,This edge comes from the Monarch Initiative 2025.,2025-10-16,has phenotype,NA,NA
HGNC:9352,biolink:has_phenotype,HP:0000726,NA,This edge comes from the Monarch Initiative 2025.,2025-10-16,has phenotype,NA,NA
HGNC:12827,biolink:has_phenotype,HP:0000726,NA,This edge comes from the Monarch Initiative 2025.,2025-10-16,has phenotype,NA,NA
MONDO:0008948,biolink:has_phenotype,HP:0000726,https://www.ncbi.nlm.nih.gov/pubmed/10775536,This edge comes from the Monarch Initiative 2025.,2025-10-16,has phenotype,NA,NA
HGNC:24525,biolink:has_phenotype,HP:0000726,NA,This edge comes from the Monarch Initiative 2025.,2025-10-16,has phenotype,NA,NA
MONDO:0013674,biolink:has_phenotype,HP:0000726,NA,This edge comes from the Monarch Initiative 2025.,2025-10-16,has phenotype,NA,NA
MONDO:0008243,biolink:has_phenotype,HP:0002145,NA,This edge comes from the Monarch Initiative 2025.,2025-10-16,has phenotype,NA,NA
MONDO:0957874,biolink:has_phenotype,HP:0000726,https://www.ncbi.nlm.nih.gov/pubmed/36454683,This edge comes from the Monarch Initiative 2025.,2025-10-16,has phenotype,NA,NA
MONDO:0011006,biolink:has_phenotype,HP:0000726,NA,This edge comes from the Monarch Initiative 2025.,2025-10-16,has phenotype,NA,NA
HGNC:28912,biolink:has_phenotype,HP:0000726,https://www.ncbi.nlm.nih.gov/pubmed/23435086,This edge comes from the Monarch Initiative 2025.,2025-10-16,has phenotype,NA,NA
MONDO:0011299,biolink:has_phenotype,HP:0000726,https://www.ncbi.nlm.nih.gov/pubmed/10581230,This edge comes from the Monarch Initiative 2025.,2025-10-16,has phenotype,NA,NA
MONDO:0007334,biolink:has_phenotype,HP:0000726,NA,This edge comes from the Monarch Initiative 2025.,2025-10-16,has phenotype,NA,NA
HGNC:6893,biolink:has_phenotype,HP:0000727,NA,This edge comes from the Monarch Initiative 2025.,2025-10-16,has phenotype,NA,NA
HGNC:12269,biolink:has_phenotype,HP:0000726,https://www.ncbi.nlm.nih.gov/pubmed/17660820,This edge comes from the Monarch Initiative 2025.,2025-10-16,has phenotype,NA,NA
MONDO:0008768,biolink:has_phenotype,HP:0000726,https://www.ncbi.nlm.nih.gov/pubmed/21549341,This edge comes from the Monarch Initiative 2025.,2025-10-16,has phenotype,NA,NA
HGNC:11584,biolink:has_phenotype,HP:0002145,NA,This edge comes from the Monarch Initiative 2025.,2025-10-16,has phenotype,NA,NA
MONDO:0019037,biolink:has_phenotype,HP:0002145,NA,This edge comes from the Monarch Initiative 2025.,2025-10-16,has phenotype,NA,NA
MONDO:0008438,biolink:has_phenotype,HP:0000726,NA,This edge comes from the Monarch Initiative 2025.,2025-10-16,has phenotype,NA,NA
HGNC:890,biolink:has_phenotype,HP:0000726,https://www.ncbi.nlm.nih.gov/pubmed/20855850,This edge comes from the Monarch Initiative 2025.,2025-10-16,has phenotype,NA,NA
MONDO:0013584,biolink:has_phenotype,HP:0000726,NA,This edge comes from the Monarch Initiative 2025.,2025-10-16,has phenotype,NA,NA
MONDO:0011842,biolink:has_phenotype,HP:0002145,NA,This edge comes from the Monarch Initiative 2025.,2025-10-16,has phenotype,NA,NA
MONDO:0009757,biolink:has_phenotype,HP:0000726,NA,This edge comes from the Monarch Initiative 2025.,2025-10-16,has phenotype,NA,NA
MONDO:0018696,biolink:has_phenotype,HP:0002145,NA,This edge comes from the Monarch Initiative 2025.,2025-10-16,has phenotype,NA,NA
HGNC:7499,biolink:has_phenotype,HP:0000726,NA,This edge comes from the Monarch Initiative 2025.,2025-10-16,has phenotype,NA,NA
HGNC:61,biolink:has_phenotype,HP:0000726,NA,This edge comes from the Monarch Initiative 2025.,2025-10-16,has phenotype,NA,NA
HGNC:11588,biolink:has_phenotype,HP:0000726,https://www.ncbi.nlm.nih.gov/pubmed/14985389,This edge comes from the Monarch Initiative 2025.,2025-10-16,has phenotype,NA,NA
MONDO:0008935,biolink:has_phenotype,HP:0000726,NA,This edge comes from the Monarch Initiative 2025.,2025-10-16,has phenotype,NA,NA
MONDO:0011691,biolink:has_phenotype,HP:0000726,https://www.ncbi.nlm.nih.gov/pubmed/11706389,This edge comes from the Monarch Initiative 2025.,2025-10-16,has phenotype,NA,NA
MONDO:0009698,biolink:has_phenotype,HP:0000726,https://www.ncbi.nlm.nih.gov/pubmed/11571333,This edge comes from the Monarch Initiative 2025.,2025-10-16,has phenotype,NA,NA
MONDO:0010787,biolink:has_phenotype,HP:0000726,NA,This edge comes from the Monarch Initiative 2025.,2025-10-16,has phenotype,NA,NA
HGNC:620,biolink:has_phenotype,HP:0000726,NA,This edge comes from the Monarch Initiative 2025.,2025-10-16,has phenotype,NA,NA
MONDO:0009267,biolink:has_phenotype,HP:0000726,NA,This edge comes from the Monarch Initiative 2025.,2025-10-16,has phenotype,NA,NA
HGNC:2482,biolink:has_phenotype,HP:0000726,https://www.ncbi.nlm.nih.gov/pubmed/11571333,This edge comes from the Monarch Initiative 2025.,2025-10-16,has phenotype,NA,NA
MONDO:0020749,biolink:has_phenotype,HP:0000727,NA,This edge comes from the Monarch Initiative 2025.,2025-10-16,has phenotype,NA,NA
HGNC:21645,biolink:has_phenotype,HP:0000726,https://www.ncbi.nlm.nih.gov/pubmed/12244316,This edge comes from the Monarch Initiative 2025.,2025-10-16,has phenotype,NA,NA
MONDO:0032814,biolink:has_phenotype,HP:0000726,https://www.ncbi.nlm.nih.gov/pubmed/27666438,This edge comes from the Monarch Initiative 2025.,2025-10-16,has phenotype,NA,NA
MONDO:0018951,biolink:has_phenotype,HP:0000726,NA,This edge comes from the Monarch Initiative 2025.,2025-10-16,has phenotype,NA,NA
HGNC:17761,biolink:has_phenotype,HP:0000726,https://www.ncbi.nlm.nih.gov/pubmed/12370476,This edge comes from the Monarch Initiative 2025.,2025-10-16,has phenotype,NA,NA
MONDO:0010382,biolink:has_phenotype,HP:0000726,NA,This edge comes from the Monarch Initiative 2025.,2025-10-16,has phenotype,NA,NA
MONDO:0010691,biolink:has_phenotype,HP:0000726,NA,This edge comes from the Monarch Initiative 2025.,2025-10-16,has phenotype,NA,NA
MONDO:0012241,biolink:has_phenotype,HP:0000726,NA,This edge comes from the Monarch Initiative 2025.,2025-10-16,has phenotype,NA,NA
MONDO:0007435,biolink:has_phenotype,HP:0000726,https://www.ncbi.nlm.nih.gov/pubmed/31755148,This edge comes from the Monarch Initiative 2025.,2025-10-16,has phenotype,NA,NA
MONDO:0011895,biolink:has_phenotype,HP:0000726,NA,This edge comes from the Monarch Initiative 2025.,2025-10-16,has phenotype,NA,NA
MONDO:0010524,biolink:has_phenotype,HP:0000726,https://www.ncbi.nlm.nih.gov/pubmed/11118249,This edge comes from the Monarch Initiative 2025.,2025-10-16,has phenotype,NA,NA
MONDO:0017279,biolink:has_phenotype,HP:0000726,NA,This edge comes from the Monarch Initiative 2025.,2025-10-16,has phenotype,NA,NA
HGNC:2976,biolink:has_phenotype,HP:0000726,NA,This edge comes from the Monarch Initiative 2025.,2025-10-16,has phenotype,NA,NA
MONDO:0008083,biolink:has_phenotype,HP:0000726,https://www.ncbi.nlm.nih.gov/pubmed/21820099,This edge comes from the Monarch Initiative 2025.,2025-10-16,has phenotype,NA,NA
HGNC:8804,biolink:has_phenotype,HP:0000726,https://www.ncbi.nlm.nih.gov/pubmed/23255827,This edge comes from the Monarch Initiative 2025.,2025-10-16,has phenotype,NA,NA
MONDO:0010857,biolink:has_phenotype,HP:0002145,NA,This edge comes from the Monarch Initiative 2025.,2025-10-16,has phenotype,NA,NA
HGNC:2531,biolink:has_phenotype,HP:0000726,https://www.ncbi.nlm.nih.gov/pubmed/23297359,This edge comes from the Monarch Initiative 2025.,2025-10-16,has phenotype,NA,NA
MONDO:0015140,biolink:has_phenotype,HP:0000726,NA,This edge comes from the Monarch Initiative 2025.,2025-10-16,has phenotype,NA,NA
HGNC:7501,biolink:has_phenotype,HP:0000726,NA,This edge comes from the Monarch Initiative 2025.,2025-10-16,has phenotype,NA,NA
MONDO:0010789,biolink:has_phenotype,HP:0000726,NA,This edge comes from the Monarch Initiative 2025.,2025-10-16,has phenotype,NA,NA
MONDO:0015033,biolink:has_phenotype,HP:0000726,NA,This edge comes from the Monarch Initiative 2025.,2025-10-16,has phenotype,NA,NA
MONDO:0008178,biolink:has_phenotype,HP:0002145,NA,This edge comes from the Monarch Initiative 2025.,2025-10-16,has phenotype,NA,NA
MONDO:0010578,biolink:has_phenotype,HP:0000726,NA,This edge comes from the Monarch Initiative 2025.,2025-10-16,has phenotype,NA,NA
HGNC:7414,biolink:has_phenotype,HP:0000726,NA,This edge comes from the Monarch Initiative 2025.,2025-10-16,has phenotype,NA,NA
MONDO:0019569,biolink:has_phenotype,HP:0000726,NA,This edge comes from the Monarch Initiative 2025.,2025-10-16,has phenotype,NA,NA
HGNC:14203,biolink:has_phenotype,HP:0000726,NA,This edge comes from the Monarch Initiative 2025.,2025-10-16,has phenotype,NA,NA
HGNC:12449,biolink:has_phenotype,HP:0000727,NA,This edge comes from the Monarch Initiative 2025.,2025-10-16,has phenotype,NA,NA
MONDO:0007488,biolink:has_phenotype,HP:0000726,NA,This edge comes from the Monarch Initiative 2025.,2025-10-16,has phenotype,NA,NA
MONDO:0008436,biolink:has_phenotype,HP:0000726,NA,This edge comes from the Monarch Initiative 2025.,2025-10-16,has phenotype,NA,NA
HGNC:3999,biolink:has_phenotype,HP:0007123,NA,This edge comes from the Monarch Initiative 2025.,2025-10-16,has phenotype,NA,NA
HGNC:7883,biolink:has_phenotype,HP:0007123,NA,This edge comes from the Monarch Initiative 2025.,2025-10-16,has phenotype,NA,NA
HGNC:11139,biolink:has_phenotype,HP:0000726,NA,This edge comes from the Monarch Initiative 2025.,2025-10-16,has phenotype,NA,NA
HGNC:2711,biolink:has_phenotype,HP:0002145,NA,This edge comes from the Monarch Initiative 2025.,2025-10-16,has phenotype,NA,NA
MONDO:0010772,biolink:has_phenotype,HP:0000726,NA,This edge comes from the Monarch Initiative 2025.,2025-10-16,has phenotype,NA,NA
MONDO:0011706,biolink:has_phenotype,HP:0000726,NA,This edge comes from the Monarch Initiative 2025.,2025-10-16,has phenotype,NA,NA
MONDO:0009852,biolink:has_phenotype,HP:0000726,NA,This edge comes from the Monarch Initiative 2025.,2025-10-16,has phenotype,NA,NA
MONDO:0018475,biolink:has_phenotype,HP:0000726,NA,This edge comes from the Monarch Initiative 2025.,2025-10-16,has phenotype,NA,NA
MONDO:0020488,biolink:has_phenotype,HP:0000726,NA,This edge comes from the Monarch Initiative 2025.,2025-10-16,has phenotype,NA,NA
HGNC:535,biolink:has_phenotype,HP:0000726,https://www.ncbi.nlm.nih.gov/pubmed/28469040,This edge comes from the Monarch Initiative 2025.,2025-10-16,has phenotype,NA,NA
MONDO:0010099,biolink:has_phenotype,HP:0000726,NA,This edge comes from the Monarch Initiative 2025.,2025-10-16,has phenotype,NA,NA
MONDO:0014395,biolink:has_phenotype,HP:0000727,NA,This edge comes from the Monarch Initiative 2025.,2025-10-16,has phenotype,NA,NA
MONDO:0014717,biolink:has_phenotype,HP:0000726,NA,This edge comes from the Monarch Initiative 2025.,2025-10-16,has phenotype,NA,NA
MONDO:0013737,biolink:has_phenotype,HP:0000726,NA,This edge comes from the Monarch Initiative 2025.,2025-10-16,has phenotype,NA,NA
MONDO:0014004,biolink:has_phenotype,HP:0000726,https://www.ncbi.nlm.nih.gov/pubmed/23255827,This edge comes from the Monarch Initiative 2025.,2025-10-16,has phenotype,NA,NA
MONDO:0016730,biolink:has_phenotype,HP:0000726,NA,This edge comes from the Monarch Initiative 2025.,2025-10-16,has phenotype,NA,NA
MONDO:0008458,biolink:has_phenotype,HP:0000726,NA,This edge comes from the Monarch Initiative 2025.,2025-10-16,has phenotype,NA,NA
HGNC:9508,biolink:has_phenotype,HP:0000726,https://www.ncbi.nlm.nih.gov/pubmed/6524873,This edge comes from the Monarch Initiative 2025.,2025-10-16,has phenotype,NA,NA
HGNC:11140,biolink:has_phenotype,HP:0000726,NA,This edge comes from the Monarch Initiative 2025.,2025-10-16,has phenotype,NA,NA
MONDO:0014640,biolink:has_phenotype,HP:0002145,NA,This edge comes from the Monarch Initiative 2025.,2025-10-16,has phenotype,NA,NA
MONDO:0010100,biolink:has_phenotype,HP:0000726,NA,This edge comes from the Monarch Initiative 2025.,2025-10-16,has phenotype,NA,NA
HGNC:7490,biolink:has_phenotype,HP:0000726,NA,This edge comes from the Monarch Initiative 2025.,2025-10-16,has phenotype,NA,NA
MONDO:0044332,biolink:has_phenotype,HP:0000726,NA,This edge comes from the Monarch Initiative 2025.,2025-10-16,has phenotype,NA,NA
MONDO:0018937,biolink:has_phenotype,HP:0000726,NA,This edge comes from the Monarch Initiative 2025.,2025-10-16,has phenotype,NA,NA
HGNC:1160,biolink:has_phenotype,HP:0000726,NA,This edge comes from the Monarch Initiative 2025.,2025-10-16,has phenotype,NA,NA
MONDO:0019975,biolink:has_phenotype,HP:0000726,NA,This edge comes from the Monarch Initiative 2025.,2025-10-16,has phenotype,NA,NA
HGNC:9509,biolink:has_phenotype,HP:0000726,https://www.ncbi.nlm.nih.gov/pubmed/17186461,This edge comes from the Monarch Initiative 2025.,2025-10-16,has phenotype,NA,NA
MONDO:0011873,biolink:has_phenotype,HP:0000726,NA,This edge comes from the Monarch Initiative 2025.,2025-10-16,has phenotype,NA,NA
MONDO:0007105,biolink:has_phenotype,HP:0002145,NA,This edge comes from the Monarch Initiative 2025.,2025-10-16,has phenotype,NA,NA
HGNC:48,biolink:has_phenotype,HP:0000726,https://www.ncbi.nlm.nih.gov/pubmed/11118249,This edge comes from the Monarch Initiative 2025.,2025-10-16,has phenotype,NA,NA
HGNC:20,biolink:has_phenotype,HP:0000726,https://www.ncbi.nlm.nih.gov/pubmed/31775912,This edge comes from the Monarch Initiative 2025.,2025-10-16,has phenotype,NA,NA
HGNC:6121,biolink:has_phenotype,HP:0000726,NA,This edge comes from the Monarch Initiative 2025.,2025-10-16,has phenotype,NA,NA
MONDO:0100156,biolink:has_phenotype,HP:0000726,NA,This edge comes from the Monarch Initiative 2025.,2025-10-16,has phenotype,NA,NA
MONDO:0014387,biolink:has_phenotype,HP:0000726,https://www.ncbi.nlm.nih.gov/pubmed/24808023,This edge comes from the Monarch Initiative 2025.,2025-10-16,has phenotype,NA,NA
MONDO:0009281,biolink:has_phenotype,HP:0000726,NA,This edge comes from the Monarch Initiative 2025.,2025-10-16,has phenotype,NA,NA
MONDO:0009092,biolink:has_phenotype,HP:0000727,NA,This edge comes from the Monarch Initiative 2025.,2025-10-16,has phenotype,NA,NA
MONDO:0019977,biolink:has_phenotype,HP:0000727,NA,This edge comes from the Monarch Initiative 2025.,2025-10-16,has phenotype,NA,NA
MONDO:0011613,biolink:has_phenotype,HP:0000726,NA,This edge comes from the Monarch Initiative 2025.,2025-10-16,has phenotype,NA,NA
MONDO:0011426,biolink:has_phenotype,HP:0000726,NA,This edge comes from the Monarch Initiative 2025.,2025-10-16,has phenotype,NA,NA
MONDO:0011743,biolink:has_phenotype,HP:0000726,https://www.ncbi.nlm.nih.gov/pubmed/9007102,This edge comes from the Monarch Initiative 2025.,2025-10-16,has phenotype,NA,NA
MONDO:0020527,biolink:has_phenotype,HP:0000726,NA,This edge comes from the Monarch Initiative 2025.,2025-10-16,has phenotype,NA,NA
